[
  {
    "timestamp": "2025-08-05T10:45:00Z",
    "user": "dev_alice",
    "file": "sensitive_module.py",
    "copilot_action": "suggestion accepted",
    "copilot_session_id": "abc123",
    "code_snippet": "def encrypt_data(data, key):\n    return AES.encrypt(data, key)"
  },
  {
    "timestamp": "2025-08-05T10:47:00Z",
    "user": "dev_alice",
    "file": "sensitive_module.py",
    "copilot_action": "suggestion rejected",
    "copilot_session_id": "abc123",
    "code_snippet": "def encrypt_data(data, key):\n    return base64.encode(data)"
  }
]
